PC6,number_of_charger,total_capacity
1011AB,2,22.0
1011AC,1,11.0
1011BG,1,22.0
1011CA,1,11.0
1011EG,1,11.0
1011GH,1,22.0
1011GT,1,11.0
1011GZ,1,11.0
1011HB,1,11.0
1011JV,1,11.0
1011KC,1,11.0
1011KS,1,11.0
1011KX,1,22.0
1011LL,1,11.0
1011LX,2,22.0
1011LZ,1,11.0
1011MN,1,11.0
1011PL,1,22.0
1011RG,1,22.0
1011RK,1,11.0
1011RL,1,11.0
1011RN,1,11.0
1011TB,1,11.0
1011TE,1,22.0
1011TG,1,11.0
1011TM,1,11.0
1011VA,1,11.0
1012AB,3,150.0
1012AD,1,11.0
1012BH,1,11.0
1012CK,1,11.0
1012CR,1,11.0
1012CZ,1,11.0
1012EG,1,11.0
1012ES,1,11.0
1012GH,1,11.0
1012GM,1,11.0
1012RB,1,11.0
1012RD,1,11.0
1012SG,1,11.0
1012SH,1,11.0
1012SP,2,33.0
1012SR,1,11.0
1012SZ,1,11.0
1012VC,1,11.0
1012VG,1,11.0
1012VP,1,11.0
1012WL,1,11.0
1013AK,1,11.0
1013AR,1,11.0
1013AX,3,33.0
1013AZ,1,22.0
1013BC,1,11.0
1013BV,2,22.0
1013BW,2,22.0
1013BX,1,11.0
1013CM,1,11.0
1013EC,1,11.0
1013GM,3,55.0
1013HC,1,11.0
1013HG,1,11.0
1013HV,1,11.0
1013KS,2,22.0
1013KT,1,11.0
1013KW,1,11.0
1013LC,1,11.0
1013LE,1,11.0
1013LM,1,11.0
1013LR,1,11.0
1013MB,1,11.0
1013MC,1,11.0
1013MD,1,11.0
1013MG,1,22.0
1013MK,1,22.0
1013MP,1,11.0
1013NB,1,11.0
1013NJ,3,33.0
1013NM,2,22.0
1013NT,1,11.0
1013PL,1,11.0
1013PP,1,22.0
1013PW,1,11.0
1013RA,1,11.0
1013RJ,1,11.0
1013RK,1,11.0
1013RP,1,11.0
1013RW,1,11.0
1013SE,1,11.0
1013SH,1,11.0
1013SK,1,22.0
1013SV,1,11.0
1013TN,1,22.0
1013TP,1,11.0
1013VN,1,11.0
1013VP,1,11.0
1013VV,1,11.0
1013WG,1,22.0
1013WK,1,11.0
1013WV,1,11.0
1013XS,1,11.0
1013ZV,2,22.0
1013zd,1,11.0
1014AH,1,22.0
1014AJ,1,11.0
1014AK,5,133.0
1014AN,2,22.0
1014AP,1,22.0
1014AS,1,11.0
1014AT,1,11.0
1014AV,1,22.0
1014AW,1,11.0
1014BA,1,11.0
1014ZB,1,11.0
1014ZC,3,33.0
1014ZG,2,22.0
1015AB,3,33.0
1015AH,1,11.0
1015AS,2,22.0
1015BG,1,11.0
1015BK,1,11.0
1015BR,1,11.0
1015BT,1,11.0
1015CC,1,11.0
1015CG,1,11.0
1015CL,1,11.0
1015CR,1,11.0
1015CX,1,11.0
1015DR,1,11.0
1015DS,1,22.0
1015DT,1,11.0
1015DV,1,11.0
1015DW,1,11.0
1015EB,1,11.0
1015GG,1,11.0
1015GH,1,11.0
1015HC,1,11.0
1015HJ,1,11.0
1015HL,1,11.0
1015HM,2,22.0
1015HR,1,22.0
1015JD,2,33.0
1015JE,1,22.0
1015JG,1,11.0
1015KE,2,33.0
1015KG,1,11.0
1015KH,1,11.0
1015KJ,1,11.0
1015KK,1,11.0
1015KN,1,11.0
1015LL,1,11.0
1015LT,1,11.0
1015MA,2,33.0
1015MH,1,11.0
1015MK,1,22.0
1015MN,1,11.0
1015MS,1,11.0
1015MT,1,11.0
1015MZ,1,11.0
1015TR,1,11.0
1015TT,1,11.0
1015WK,2,22.0
1015WZ,2,22.0
1015XK,1,11.0
1015XL,1,11.0
1015XM,1,22.0
1015XP,1,11.0
1015XR,1,11.0
1015ZH,1,11.0
1015ZR,1,11.0
1016AB,2,22.0
1016AK,1,11.0
1016AW,1,11.0
1016BK,1,11.0
1016BS,1,11.0
1016CD,1,11.0
1016CJ,2,22.0
1016DK,2,22.0
1016DT,1,11.0
1016DX,1,11.0
1016EB,1,11.0
1016EH,1,11.0
1016EV,1,11.0
1016GD,3,33.0
1016GE,1,11.0
1016GL,1,11.0
1016GX,1,11.0
1016HM,1,11.0
1016HV,1,11.0
1016HX,1,11.0
1016KD,1,11.0
1016KG,1,11.0
1016KP,2,22.0
1016LT,1,11.0
1016NB,1,11.0
1016NG,1,11.0
1016NL,1,22.0
1016NN,1,11.0
1016NP,1,11.0
1016RL,1,11.0
1016RM,1,11.0
1016SZ,1,11.0
1016TB,1,11.0
1016TL,1,11.0
1016TP,1,11.0
1016TR,1,11.0
1016TZ,1,11.0
1016VR,1,11.0
1016VT,1,11.0
1016VV,1,11.0
1016XH,1,11.0
1016XK,6,66.0
1016XP,1,11.0
1017AJ,2,22.0
1017AK,1,11.0
1017AS,1,11.0
1017AV,1,11.0
1017BS,1,11.0
1017BV,1,11.0
1017BW,1,11.0
1017CC,1,11.0
1017CD,2,22.0
1017CG,1,22.0
1017CJ,1,11.0
1017DR,2,22.0
1017DW,1,11.0
1017EA,1,11.0
1017ED,1,11.0
1017EG,1,11.0
1017EM,1,11.0
1017ET,1,11.0
1017GN,1,11.0
1017HW,1,11.0
1017JD,2,22.0
1017JH,1,22.0
1017JK,1,11.0
1017KA,2,22.0
1017KB,1,11.0
1017KD,1,11.0
1017KJ,1,11.0
1017KL,1,11.0
1017KV,1,11.0
1017KX,1,11.0
1017KZ,1,11.0
1017LA,1,11.0
1017LC,1,11.0
1017LT,1,11.0
1017LW,1,11.0
1017NB,1,22.0
1017RK,2,22.0
1017RM,2,22.0
1017RT,2,22.0
1017SB,1,11.0
1017SG,1,11.0
1017SJ,1,11.0
1017SK,2,33.0
1017TC,2,22.0
1017VW,2,22.0
1017WS,2,22.0
1017WZ,1,11.0
1017XE,1,11.0
1017XG,1,11.0
1017XJ,1,22.0
1017XK,2,22.0
1017XL,1,22.0
1017XM,3,33.0
1017XN,1,11.0
1017XS,1,22.0
1017XW,1,22.0
1017XZ,1,11.0
1017ZJ,1,11.0
1017ZL,2,22.0
1017ZN,1,11.0
1017ZS,1,11.0
1018AC,1,11.0
1018AD,1,11.0
1018AL,3,33.0
1018AP,2,22.0
1018AR,1,22.0
1018BH,1,11.0
1018BK,1,22.0
1018BR,1,22.0
1018CC,1,22.0
1018CG,1,11.0
1018CM,2,33.0
1018CN,1,11.0
1018CZ,1,11.0
1018DD,1,11.0
1018DJ,1,11.0
1018DR,1,11.0
1018DT,1,22.0
1018EE,1,11.0
1018EG,1,11.0
1018ET,1,11.0
1018GB,2,22.0
1018GJ,1,11.0
1018GV,1,11.0
1018GX,2,22.0
1018HJ,1,11.0
1018HL,1,22.0
1018JE,1,11.0
1018JG,1,22.0
1018JR,1,11.0
1018KN,1,11.0
1018KP,1,22.0
1018LJ,1,11.0
1018LT,3,44.0
1018LZ,1,11.0
1018MR,1,11.0
1018MS,1,11.0
1018MT,1,22.0
1018MZ,3,44.0
1018NC,1,11.0
1018NK,1,11.0
1018NW,1,11.0
1018PE,1,11.0
1018RB,1,11.0
1018RK,2,22.0
1018RW,1,11.0
1018SK,1,11.0
1018SL,1,22.0
1018SR,1,11.0
1018SV,1,22.0
1018TJ,1,22.0
1018TS,1,22.0
1018TV,4,44.0
1018TZ,1,22.0
1018VA,1,11.0
1018VE,1,11.0
1018VH,1,22.0
1018VJ,1,22.0
1018VM,1,11.0
1018VS,1,11.0
1018WC,2,22.0
1018WG,2,22.0
1018XK,2,22.0
1018XW,1,11.0
1018ZD,2,22.0
1018ZL,1,11.0
1018ZN,1,22.0
1018ZS,1,11.0
1018ZZ,1,11.0
1019AA,1,11.0
1019AD,1,11.0
1019AH,2,22.0
1019AX,1,11.0
1019BX,1,11.0
1019CV,1,11.0
1019DA,1,11.0
1019DD,1,11.0
1019DG,1,11.0
1019DP,2,33.0
1019ED,3,44.0
1019EH,1,11.0
1019GD,1,11.0
1019HA,1,11.0
1019JZ,1,22.0
1019KN,1,11.0
1019KR,1,11.0
1019LB,1,22.0
1019LL,3,33.0
1019LS,2,33.0
1019MD,1,22.0
1019ME,1,11.0
1019PK,1,11.0
1019PM,1,11.0
1019PV,1,11.0
1019RC,1,11.0
1019RD,1,11.0
1019RR,2,44.0
1019RV,1,11.0
1019SC,1,11.0
1019SE,1,11.0
1019SG,1,22.0
1019TB,1,11.0
1019TD,2,33.0
1019TH,1,11.0
1019TK,2,22.0
1019TR,1,22.0
1019VC,1,11.0
1019VK,1,22.0
1019WG,2,22.0
1019WV,1,22.0
1019WX,1,11.0
1019XD,1,22.0
1019XE,1,11.0
1019XG,2,22.0
1019XH,1,11.0
1021BS,1,22.0
1021CE,1,11.0
1021EB,1,11.0
1021EG,1,11.0
1021EK,1,11.0
1021EN,1,11.0
1021HC,1,22.0
1021JM,1,11.0
1021JR,1,11.0
1021JV,2,22.0
1021KN,1,11.0
1021LD,1,11.0
1021LL,1,11.0
1021NW,1,11.0
1021PS,2,22.0
1021TR,1,22.0
1021TT,1,11.0
1022AB,1,11.0
1022AC,1,11.0
1022AM,2,22.0
1022BA,1,11.0
1022BK,1,11.0
1022KB,1,11.0
1022KD,1,11.0
1022KE,1,11.0
1022KJ,1,22.0
1022KK,1,11.0
1022LA,5,55.0
1022WV,2,22.0
1023AK,1,11.0
1023AS,1,11.0
1023BA,1,11.0
1023BB,1,11.0
1023BC,1,11.0
1023BE,1,22.0
1023BM,1,11.0
1023BS,1,11.0
1023BX,1,11.0
1023EA,3,55.0
1023NA,1,11.0
1023NE,1,11.0
1023NT,1,11.0
1023PA,1,11.0
1023XG,1,11.0
1023XR,1,11.0
1024BA,1,22.0
1024BV,2,33.0
1024BX,1,11.0
1024CR,1,11.0
1024CX,1,22.0
1024DC,1,11.0
1024EJ,1,11.0
1024EK,1,22.0
1024EP,1,22.0
1024GT,1,22.0
1024HA,1,22.0
1024HM,1,11.0
1024KH,1,11.0
1024KK,1,22.0
1024KM,1,22.0
1024LA,1,22.0
1024LH,1,11.0
1024LW,1,22.0
1024MD,3,44.0
1024MH,1,22.0
1024MJ,1,22.0
1024ML,1,11.0
1024NG,1,11.0
1024NL,1,11.0
1024NR,1,22.0
1024PJ,1,11.0
1024PL,1,22.0
1024SG,1,22.0
1024TK,1,11.0
1024VR,1,11.0
1024VV,2,22.0
1024VX,1,22.0
1024XR,1,22.0
1025AE,1,11.0
1025AJ,1,22.0
1025BE,1,22.0
1025BK,1,11.0
1025CL,1,11.0
1025CX,1,11.0
1025DC,1,11.0
1025DS,1,22.0
1025DT,1,11.0
1025EE,1,11.0
1025GC,1,11.0
1025HD,1,11.0
1025HS,1,11.0
1025JG,1,11.0
1025JV,1,22.0
1025KG,1,11.0
1025KN,1,11.0
1025KV,1,22.0
1025MR,2,22.0
1025NK,1,22.0
1025PC,1,11.0
1025PD,1,22.0
1025PK,1,11.0
1025RW,1,22.0
1025VN,1,11.0
1025VR,2,22.0
1025WD,1,11.0
1025WH,1,11.0
1025WK,1,22.0
1025WS,1,11.0
1025WZ,2,22.0
1025XG,1,11.0
1025XW,2,33.0
1025ZC,1,11.0
1025ZR,1,11.0
1025JL,1,11.0
1027AM,1,22.0
1027ED,1,11.0
1028BK,2,33.0
1031BP,1,11.0
1031BX,1,11.0
1031CJ,1,22.0
1031EM,1,11.0
1031GD,1,11.0
1031GG,1,11.0
1031GH,1,22.0
1031HE,1,22.0
1031HH,2,22.0
1031KA,1,11.0
1031KB,1,22.0
1031VD,1,11.0
1031XR,1,22.0
1031XT,1,11.0
1032AB,1,11.0
1032AM,1,11.0
1032BA,1,11.0
1032BV,1,11.0
1032BW,1,11.0
1032EB,1,11.0
1032GH,1,11.0
1032GW,1,22.0
1032GX,1,22.0
1032HE,1,11.0
1032HK,1,11.0
1032JB,1,11.0
1032JT,1,22.0
1032JX,1,11.0
1032KJ,1,11.0
1032KW,1,11.0
1032LH,2,22.0
1032VS,1,11.0
1032VW,1,11.0
1032ZC,1,22.0
1033AA,1,11.0
1033AE,1,11.0
1033BJ,1,11.0
1033BW,1,22.0
1033BX,1,22.0
1033CC,1,22.0
1033DC,1,11.0
1033DK,1,22.0
1033DR,1,11.0
1033DV,1,22.0
1033DX,1,11.0
1033EK,1,11.0
1033GE,1,22.0
1033GG,1,11.0
1033GZ,1,11.0
1033HA,1,22.0
1033HK,1,11.0
1033HL,1,22.0
1033JJ,1,22.0
1033JP,1,11.0
1033KM,1,11.0
1033KS,1,11.0
1033MD,1,11.0
1033MV,1,11.0
1033PB,1,11.0
1033PH,1,22.0
1033PJ,1,11.0
1033PV,1,22.0
1033PW,1,22.0
1033RB,1,11.0
1033RC,2,22.0
1033RD,1,11.0
1033RK,1,22.0
1033RM,1,11.0
1033RR,1,11.0
1033SC,1,22.0
1033SM,1,11.0
1033SN,1,11.0
1033SP,1,11.0
1033ST,2,22.0
1033SX,2,22.0
1033VA,1,11.0
1033VJ,1,11.0
1033WG,1,11.0
1033WP,1,11.0
1033XE,1,22.0
1033XN,1,11.0
1033ZA,1,22.0
1033ZK,1,11.0
1033ZT,1,11.0
1034AA,1,11.0
1034BE,1,22.0
1034CA,1,11.0
1034DD,1,22.0
1034DK,1,22.0
1034DM,1,11.0
1034DR,1,11.0
1034DT,2,22.0
1034EZ,2,22.0
1034GA,1,11.0
1034GV,1,11.0
1034HD,2,22.0
1034HJ,1,22.0
1034JK,1,22.0
1034JN,1,11.0
1034KX,1,11.0
1034LK,1,11.0
1034MA,1,22.0
1034ML,1,11.0
1034NB,1,11.0
1034NL,1,11.0
1034PP,1,22.0
1034PT,1,11.0
1034RA,1,11.0
1034RV,1,11.0
1034SP,2,33.0
1034ST,1,22.0
1034TN,1,11.0
1034VB,1,22.0
1034WC,1,22.0
1034WD,1,11.0
1034WG,1,11.0
1034XC,1,11.0
1034XG,1,22.0
1034XM,1,22.0
1034ZK,1,11.0
1035BK,1,11.0
1035HK,1,11.0
1035HM,1,22.0
1035HN,1,11.0
1035HV,1,22.0
1035HZ,1,11.0
1035JB,1,11.0
1035JR,1,11.0
1035JS,1,22.0
1035JW,3,55.0
1035JX,1,11.0
1035KG,2,22.0
1035KP,1,22.0
1035KW,1,11.0
1035LC,1,11.0
1035NE,1,11.0
1035RD,1,11.0
1035SW,1,11.0
1035SX,1,22.0
1035TT,1,11.0
1035VB,1,22.0
1035XJ,1,11.0
1035XS,1,11.0
1035XT,1,22.0
1036KD,1,11.0
1036KJ,4,66.0
1036KM,1,11.0
1036KR,1,11.0
1036LD,1,11.0
1036LG,1,11.0
1036LL,1,11.0
1036LM,1,22.0
1037RS,1,11.0
1042AH,1,11.0
1043AC,4,44.0
1043AH,1,4.0
1043AJ,1,11.0
1043BE,1,11.0
1043BJ,1,11.0
1043BX,1,11.0
1043DV,1,11.0
1046AB,1,22.0
1046AD,1,11.0
1046AE,1,22.0
1046AG,1,11.0
1046AK,1,50.0
1047AZ,1,22.0
1051AL,1,11.0
1051AN,1,11.0
1051AV,2,22.0
1051BW,1,11.0
1051CA,1,11.0
1051CG,3,33.0
1051CN,1,22.0
1051CP,1,22.0
1051CZ,1,11.0
1051DD,1,11.0
1051ED,3,44.0
1051EL,1,11.0
1051EN,1,22.0
1051ES,1,11.0
1051ET,1,22.0
1051GL,1,11.0
1051GN,1,11.0
1051GV,1,22.0
1051HL,1,11.0
1051HP,2,44.0
1051HV,1,22.0
1051JN,1,11.0
1051JZ,1,22.0
1051KH,1,11.0
1051KN,1,11.0
1051LG,1,22.0
1051LM,1,11.0
1051LN,1,22.0
1051LP,1,22.0
1051LS,1,11.0
1051LT,1,11.0
1051MJ,1,11.0
1051NX,1,11.0
1051TK,1,22.0
1051TN,1,11.0
1051TS,1,22.0
1051VA,1,11.0
1051VD,1,11.0
1051VR,1,11.0
1051VT,1,11.0
1051XC,2,33.0
1051XP,1,22.0
1051XR,1,11.0
1052AC,1,11.0
1052AE,1,11.0
1052AK,1,22.0
1052AV,1,11.0
1052BA,1,22.0
1052BB,1,11.0
1052BD,1,11.0
1052BR,1,11.0
1052CE,1,11.0
1052CG,1,11.0
1052EM,1,11.0
1052ES,2,44.0
1052ET,1,11.0
1052GA,1,11.0
1052GB,1,11.0
1052GL,1,22.0
1052GN,1,22.0
1052HS,1,22.0
1052HZ,1,11.0
1052JE,1,22.0
1052JK,1,22.0
1052JL,1,11.0
1052JT,1,11.0
1052JX,1,11.0
1052KG,1,11.0
1052KP,1,11.0
1052LM,1,11.0
1052LP,1,11.0
1052LS,1,22.0
1052RJ,1,11.0
1052RP,1,22.0
1052SE,1,11.0
1052SL,2,33.0
1052SP,1,22.0
1052SW,1,11.0
1052TJ,1,22.0
1052VA,1,11.0
1052VC,1,11.0
1052VG,1,11.0
1052WC,1,11.0
1052WG,1,11.0
1052NA,1,11.0
1053AP,1,11.0
1053AS,1,22.0
1053BD,1,11.0
1053BT,1,22.0
1053CL,1,22.0
1053CW,1,11.0
1053GP,1,22.0
1053HG,1,11.0
1053HK,1,22.0
1053JE,1,11.0
1053JM,1,11.0
1053KE,1,11.0
1053LJ,1,22.0
1053LL,1,11.0
1053LR,1,11.0
1053MJ,1,11.0
1053NG,1,11.0
1053PE,1,22.0
1053PR,1,22.0
1053PV,1,11.0
1053PW,1,11.0
1053RE,1,22.0
1053RL,1,22.0
1053RV,2,22.0
1053RZ,1,22.0
1053SB,1,11.0
1053SC,1,11.0
1053SE,1,11.0
1053SJ,2,22.0
1053SV,1,22.0
1053SX,2,33.0
1053TN,1,11.0
1053TT,1,11.0
1053TW,1,22.0
1053VB,1,11.0
1053VD,1,22.0
1053VG,1,22.0
1053VX,1,11.0
1053WS,1,11.0
1053XB,1,11.0
1053XD,1,22.0
1053XE,1,11.0
1053XZ,1,11.0
1053ZE,1,11.0
1053ZJ,1,11.0
1053ZN,1,11.0
1053ZW,1,22.0
1053ZZ,1,11.0
1054AB,1,11.0
1054AH,3,55.0
1054AN,1,11.0
1054AW,1,11.0
1054AX,1,11.0
1054BG,1,22.0
1054CE,2,33.0
1054CT,1,22.0
1054CW,2,22.0
1054CX,1,11.0
1054DB,1,11.0
1054DN,1,11.0
1054DR,1,22.0
1054DT,1,11.0
1054DW,1,11.0
1054DZ,2,33.0
1054EG,1,11.0
1054EN,1,22.0
1054EP,1,11.0
1054ET,1,11.0
1054EZ,1,11.0
1054GG,1,11.0
1054GK,1,11.0
1054GL,1,11.0
1054GN,1,11.0
1054GX,1,11.0
1054HX,1,11.0
1054JB,1,11.0
1054JJ,1,22.0
1054JM,1,11.0
1054KP,1,11.0
1054KS,2,22.0
1054KV,2,22.0
1054KW,1,11.0
1054LA,1,11.0
1054LC,1,22.0
1054LW,1,11.0
1054LX,1,11.0
1054LZ,1,11.0
1054MA,2,22.0
1054MG,1,11.0
1054NB,3,44.0
1054NE,1,11.0
1054NV,2,22.0
1054PS,1,11.0
1054PT,1,11.0
1054PV,1,11.0
1054SC,1,11.0
1054SN,1,11.0
1054SZ,2,33.0
1054TE,1,11.0
1054TM,1,11.0
1054TS,2,22.0
1054TT,1,11.0
1054TW,1,11.0
1054VC,1,11.0
1054VM,1,22.0
1054VN,2,44.0
1054VT,1,11.0
1054VZ,2,22.0
1054WG,1,22.0
1054WH,1,11.0
1054XE,1,22.0
1054XG,1,11.0
1054XH,1,11.0
1054XK,2,22.0
1054XL,1,22.0
1054XN,1,11.0
1054XS,1,11.0
1054XT,1,11.0
1054XV,1,11.0
1054XZ,1,22.0
1054ZB,2,22.0
1054ZD,1,11.0
1054ZG,1,22.0
1054ZH,2,33.0
1054ZP,1,11.0
1054ZT,1,11.0
1055AN,2,22.0
1055AR,1,11.0
1055BD,1,22.0
1055BL,1,11.0
1055BR,1,11.0
1055BW,1,11.0
1055CK,1,11.0
1055CL,2,22.0
1055CM,1,11.0
1055DL,1,11.0
1055DT,1,11.0
1055EE,1,11.0
1055EJ,1,11.0
1055EN,1,22.0
1055ET,2,22.0
1055EX,1,11.0
1055EZ,1,22.0
1055GB,1,11.0
1055GL,1,11.0
1055GZ,2,22.0
1055HD,1,22.0
1055JA,1,11.0
1055JD,1,11.0
1055JL,1,11.0
1055KT,1,22.0
1055LD,1,11.0
1055LE,1,11.0
1055NK,1,11.0
1055NM,1,11.0
1055NN,1,22.0
1055NR,1,11.0
1055NX,1,22.0
1055PE,1,11.0
1055PJ,1,22.0
1055PK,1,11.0
1055PS,1,11.0
1055PZ,1,22.0
1055RB,1,22.0
1055RH,1,11.0
1055RN,1,11.0
1055RX,1,11.0
1055SH,1,11.0
1055SR,1,11.0
1055SV,1,11.0
1055TA,1,11.0
1055TK,2,33.0
1055TM,2,22.0
1055TN,1,11.0
1055VB,2,33.0
1055VP,2,22.0
1055VR,1,11.0
1055VT,1,11.0
1055WB,1,11.0
1055WC,1,11.0
1055XH,1,22.0
1055XP,1,11.0
1055ZR,1,11.0
1056AK,1,11.0
1056AZ,1,11.0
1056BA,1,22.0
1056BB,1,22.0
1056BC,1,11.0
1056CW,1,11.0
1056DK,2,22.0
1056DT,2,22.0
1056EB,1,11.0
1056EM,1,11.0
1056EP,2,22.0
1056ER,1,11.0
1056ES,1,22.0
1056EW,1,11.0
1056HD,1,11.0
1056HL,3,33.0
1056HR,1,11.0
1056HT,3,44.0
1056HX,2,22.0
1056HZ,1,11.0
1056JC,1,11.0
1056JE,1,11.0
1056JL,1,11.0
1056JT,2,22.0
1056JV,1,22.0
1056KB,1,22.0
1056KH,1,22.0
1056KN,1,11.0
1056KP,1,22.0
1056NG,1,11.0
1056NP,1,11.0
1056NR,1,22.0
1056NV,1,11.0
1056PN,2,33.0
1056PV,1,11.0
1056RA,1,11.0
1056RG,1,11.0
1056RH,1,22.0
1056RL,1,11.0
1056RN,1,22.0
1056RX,1,22.0
1056SC,1,11.0
1056SE,2,33.0
1056SL,1,22.0
1056SM,1,11.0
1056SX,1,22.0
1056TG,1,11.0
1056TM,1,11.0
1056TW,2,22.0
1056VG,1,11.0
1056VK,1,22.0
1056VR,1,22.0
1056VS,1,11.0
1056VV,2,22.0
1056WB,1,11.0
1056WC,1,11.0
1056WS,1,11.0
1056WT,1,22.0
1056WV,1,11.0
1056XL,1,22.0
1056XR,1,11.0
1056XT,1,11.0
1057,1,11.0
1057AC,1,11.0
1057AN,1,11.0
1057AP,1,22.0
1057AR,1,11.0
1057AS,1,22.0
1057AX,1,22.0
1057AZ,1,11.0
1057BE,1,11.0
1057BR,1,22.0
1057CJ,1,11.0
1057CK,1,11.0
1057DM,1,22.0
1057DP,1,11.0
1057DT,1,11.0
1057EH,1,11.0
1057ET,1,11.0
1057EZ,1,22.0
1057GC,1,22.0
1057GD,1,22.0
1057GE,1,11.0
1057GV,1,11.0
1057GX,1,11.0
1057HB,1,11.0
1057HE,1,11.0
1057HM,2,22.0
1057HN,1,11.0
1057HR,1,11.0
1057HX,1,11.0
1057JA,1,11.0
1057JH,1,22.0
1057JK,1,11.0
1057JP,2,33.0
1057JS,1,11.0
1057NL,1,22.0
1057PX,1,11.0
1057RE,1,22.0
1057RG,1,11.0
1057RJ,1,11.0
1057RM,1,22.0
1057RR,1,11.0
1057RT,2,33.0
1057RW,1,22.0
1057SC,1,11.0
1057SG,1,11.0
1057SX,2,44.0
1057TE,1,11.0
1057TJ,1,22.0
1057TR,1,22.0
1057VH,1,11.0
1057VP,2,22.0
1057WD,1,22.0
1057WK,1,11.0
1057WR,1,22.0
1057WX,1,22.0
1057XA,1,11.0
1057ZR,1,11.0
1057ZW,3,33.0
1058AA,2,22.0
1058AM,1,11.0
1058AN,2,33.0
1058AS,1,22.0
1058AT,1,11.0
1058AW,1,22.0
1058AZ,1,11.0
1058BC,1,22.0
1058BV,1,11.0
1058BW,1,22.0
1058CV,1,22.0
1058DH,1,11.0
1058DK,1,11.0
1058DN,1,11.0
1058DV,1,22.0
1058GA,4,55.0
1058GD,1,11.0
1058GN,1,11.0
1058GP,1,11.0
1058GR,1,11.0
1058GX,1,22.0
1058HC,2,22.0
1058HE,1,11.0
1058HG,1,11.0
1058HJ,1,11.0
1058HN,1,11.0
1058HP,1,11.0
1058HS,1,11.0
1058HT,2,33.0
1058HW,1,22.0
1058JC,1,11.0
1058JG,1,11.0
1058JL,1,11.0
1058JW,1,11.0
1058KM,1,11.0
1058KN,1,11.0
1058KS,1,11.0
1058KV,1,22.0
1058KX,1,22.0
1058LG,1,22.0
1058LH,1,11.0
1058LL,1,11.0
1058LM,2,44.0
1058LP,1,11.0
1058LT,1,11.0
1058NB,1,11.0
1058NC,1,11.0
1058NE,1,11.0
1058NL,3,44.0
1058SE,1,11.0
1058SL,1,11.0
1058SP,1,11.0
1058SR,1,22.0
1058ST,1,22.0
1058SV,2,33.0
1058TC,1,11.0
1058TD,1,11.0
1058TJ,1,22.0
1058TX,2,33.0
1058VA,1,11.0
1058VD,1,22.0
1058VK,1,22.0
1058VN,1,11.0
1058VV,1,11.0
1058XB,1,11.0
1058XC,1,11.0
1058XD,2,33.0
1058XG,1,22.0
1058XM,1,22.0
1058XT,1,11.0
1058GV,1,11.0
1059AT,1,11.0
1059AV,1,11.0
1059AX,1,11.0
1059BB,1,11.0
1059BC,1,22.0
1059BE,1,11.0
1059BP,1,11.0
1059CB,2,22.0
1059CD,2,22.0
1059CH,1,11.0
1059CL,4,44.0
1059CM,16,1191.0
1059EB,1,11.0
1059ED,2,33.0
1059EV,1,11.0
1059SV,1,22.0
1059SZ,1,22.0
1059TD,1,11.0
1059TG,2,22.0
1059TH,1,11.0
1059TL,1,11.0
1059TS,1,11.0
1059VM,1,11.0
1059VP,1,22.0
1059VR,2,22.0
1059VV,1,11.0
1059VW,1,22.0
1059VX,1,11.0
1059XA,2,22.0
1059XB,1,11.0
1059XD,1,22.0
1059XK,1,11.0
1059XR,1,11.0
1059XT,1,11.0
1059AM,1,11.0
1060MB,1,22.0
1060MJ,3,44.0
1060MN,1,22.0
1060MS,1,11.0
1060NK,1,11.0
1060NL,2,22.0
1060NM,1,22.0
1060NT,1,11.0
1060NX,2,22.0
1060PK,2,22.0
1060PL,1,11.0
1060RA,1,11.0
1060RD,1,11.0
1060RE,1,11.0
1060RK,1,11.0
1060RM,1,22.0
1060RP,1,11.0
1060RR,1,22.0
1060RS,1,11.0
1060RT,1,11.0
1060RX,1,22.0
1060RZ,1,11.0
1060SH,1,22.0
1060SJ,1,11.0
1060ST,1,11.0
1061AN,1,22.0
1061AW,1,11.0
1061BA,1,11.0
1061BD,1,11.0
1061BT,1,11.0
1061BZ,1,11.0
1061CE,1,22.0
1061CZ,1,11.0
1061DG,1,11.0
1061DZ,1,22.0
1061GB,1,11.0
1061GG,1,11.0
1061HK,1,22.0
1061MA,1,22.0
1061MG,2,22.0
1061SB,1,22.0
1061SW,1,22.0
1061TG,1,11.0
1061TT,1,11.0
1061VK,1,22.0
1061XB,1,11.0
1061XH,1,22.0
1061XZ,1,11.0
1062AA,1,11.0
1062AK,1,11.0
1062BM,1,11.0
1062BV,1,22.0
1062CB,2,22.0
1062CG,1,11.0
1062CR,1,22.0
1062DD,1,11.0
1062DJ,1,11.0
1062EV,2,22.0
1062GD,1,11.0
1062HA,1,11.0
1062HC,1,11.0
1062HK,2,22.0
1062HW,1,22.0
1062JN,1,11.0
1062KE,1,22.0
1062KM,1,11.0
1062KS,1,11.0
1062XK,3,111.0
1062XR,1,11.0
1062KM,1,11.0
1063AC,1,11.0
1063AS,1,11.0
1063AX,1,22.0
1063BD,1,11.0
1063BT,1,11.0
1063BX,1,22.0
1063CE,1,11.0
1063CR,1,22.0
1063EC,1,11.0
1063GG,1,11.0
1063HP,1,22.0
1063JV,2,22.0
1063LN,1,11.0
1063MG,1,11.0
1063NE,1,11.0
1063PG,1,11.0
1063TD,1,22.0
1063VD,1,22.0
1063XL,2,22.0
1063XR,1,11.0
1063XZ,1,22.0
1063ZM,1,22.0
1063ZZ,1,11.0
1064AM,1,11.0
1064BJ,1,22.0
1064BS,1,11.0
1064CC,1,22.0
1064CK,1,11.0
1064CT,1,11.0
1064DA,1,11.0
1064DC,1,11.0
1064DD,1,11.0
1064DE,1,11.0
1064DH,1,11.0
1064DL,1,22.0
1064EZ,1,11.0
1064GE,1,11.0
1064GV,1,11.0
1064HL,2,33.0
1064HM,3,55.0
1064HN,1,11.0
1064LD,1,22.0
1064LG,2,22.0
1064MH,1,11.0
1064ML,1,11.0
1064NC,1,11.0
1064NP,1,22.0
1064NX,1,11.0
1064ST,1,22.0
1064SZ,1,11.0
1064TD,1,11.0
1064WE,1,11.0
1064WJ,1,11.0
1064WR,1,22.0
1064WS,1,11.0
1064WZ,1,11.0
1064XD,1,11.0
1064ZH,1,11.0
1064ZJ,1,11.0
1065AL,1,22.0
1065AV,1,22.0
1065BP,1,11.0
1065BX,1,11.0
1065CJ,1,11.0
1065CK,1,22.0
1065CN,1,11.0
1065EA,1,22.0
1065EW,1,11.0
1065GG,1,22.0
1065HD,1,11.0
1065HH,1,11.0
1065JX,1,11.0
1065KB,1,11.0
1065KL,1,22.0
1065KT,1,11.0
1065KW,1,22.0
1065LB,1,11.0
1065LG,2,33.0
1065LH,2,22.0
1065MB,1,11.0
1065SN,1,11.0
1065SP,1,22.0
1065SX,1,11.0
1065VG,2,33.0
1065XS,1,22.0
1066AW,1,22.0
1066AZ,3,33.0
1066BD,1,22.0
1066CV,1,11.0
1066DG,1,11.0
1066DH,2,22.0
1066EJ,1,11.0
1066ER,1,11.0
1066EV,1,11.0
1066GS,1,11.0
1066HC,1,11.0
1066HS,1,22.0
1066HX,1,11.0
1066JD,1,11.0
1066JG,1,11.0
1066KB,1,11.0
1066LS,1,11.0
1066LT,1,11.0
1066LW,1,11.0
1066LX,1,11.0
1066LZ,1,11.0
1066MA,1,11.0
1066MD,1,22.0
1066ME,1,11.0
1066MK,1,22.0
1066MN,1,22.0
1066MP,1,11.0
1066NK,1,11.0
1066NW,1,11.0
1066PP,1,11.0
1066PT,2,33.0
1066PX,1,22.0
1066RA,1,11.0
1066SB,1,11.0
1066SJ,1,11.0
1066SK,2,22.0
1066SP,1,22.0
1066ST,1,11.0
1066SX,1,11.0
1066TA,1,11.0
1066TB,2,22.0
1066TK,1,11.0
1066WC,1,22.0
1066WE,1,22.0
1066WH,3,33.0
1066WJ,1,22.0
1066XT,1,22.0
1067AB,1,11.0
1067AE,1,11.0
1067AJ,1,22.0
1067AN,1,22.0
1067BC,1,11.0
1067BD,1,11.0
1067DC,1,11.0
1067DE,1,22.0
1067DG,1,11.0
1067DH,1,11.0
1067EE,1,22.0
1067EP,2,22.0
1067HR,1,11.0
1067JA,2,22.0
1067JP,1,22.0
1067JV,1,22.0
1067KD,1,22.0
1067KL,1,11.0
1067KW,1,22.0
1067LE,1,11.0
1067LT,1,11.0
1067LW,1,11.0
1067MX,1,11.0
1067MZ,1,22.0
1067NH,2,22.0
1067NN,1,22.0
1067NS,1,11.0
1067PD,1,11.0
1067PH,1,11.0
1067PK,1,22.0
1067PN,1,11.0
1067PX,2,22.0
1067RG,1,11.0
1067SM,1,11.0
1067SN,1,11.0
1067TP,1,11.0
1067TV,1,11.0
1067VS,1,22.0
1067VV,1,11.0
1067VX,1,11.0
1067WH,1,22.0
1067WL,1,11.0
1067XA,1,22.0
1067XX,2,33.0
1068AH,1,11.0
1068BB,1,11.0
1068BM,2,22.0
1068BS,1,11.0
1068CW,1,11.0
1068DS,1,11.0
1068ER,1,22.0
1068GL,2,22.0
1068HV,1,22.0
1068HW,1,11.0
1068HX,1,11.0
1068HZ,1,11.0
1068JH,1,11.0
1068KH,1,11.0
1068KP,1,11.0
1068KV,1,22.0
1068KZ,1,11.0
1068LJ,1,11.0
1068MB,1,11.0
1068MG,1,11.0
1068MP,2,33.0
1068MS,1,22.0
1068MV,1,22.0
1068NC,1,22.0
1068ND,1,22.0
1068NP,1,11.0
1068PC,1,11.0
1068PM,1,11.0
1068RA,1,22.0
1068RC,1,22.0
1068SH,1,11.0
1068SK,2,22.0
1068TG,1,11.0
1068VM,1,22.0
1068VT,1,11.0
1068VW,1,11.0
1068WE,1,11.0
1068WG,1,22.0
1068ER,1,11.0
1068MH,1,11.0
1069AL,1,22.0
1069BG,1,11.0
1069BJ,1,11.0
1069CD,1,11.0
1069EB,3,44.0
1069EC,1,11.0
1069ED,1,22.0
1069EN,1,22.0
1069EV,1,22.0
1069EX,1,22.0
1069GA,1,22.0
1069GH,1,11.0
1069GV,1,11.0
1069GZ,1,11.0
1069HD,1,22.0
1069HP,1,11.0
1069HT,1,22.0
1069HV,1,11.0
1069JR,1,11.0
1069KA,2,33.0
1069KG,1,11.0
1069KJ,1,22.0
1069KS,1,11.0
1069KW,1,11.0
1069LB,1,11.0
1069LH,1,11.0
1069MT,1,11.0
1069MX,1,11.0
1069NC,1,11.0
1069NG,1,11.0
1069NM,2,22.0
1069NS,1,11.0
1069PE,1,22.0
1069PK,2,33.0
1069PR,1,11.0
1069PT,1,11.0
1069RA,1,11.0
1069RG,1,22.0
1069RM,1,11.0
1069RN,2,33.0
1069RR,1,22.0
1069SE,1,11.0
1069SR,1,11.0
1069SZ,1,11.0
1069TD,2,33.0
1069TV,1,22.0
1069VM,1,22.0
1069VN,2,22.0
1069VP,1,22.0
1069VW,1,11.0
1069WP,1,11.0
1069WR,1,11.0
1069XV,1,22.0
1069ZJ,1,22.0
1069ZN,1,22.0
1069zp,1,22.0
1071AB,1,11.0
1071AE,1,11.0
1071AK,1,11.0
1071BE,1,11.0
1071BJ,1,11.0
1071BW,1,22.0
1071BX,1,11.0
1071BZ,1,11.0
1071CJ,2,33.0
1071CM,1,11.0
1071DB,1,11.0
1071DH,2,22.0
1071DP,1,11.0
1071DR,2,44.0
1071DV,2,22.0
1071EM,1,22.0
1071ER,2,22.0
1071GB,1,11.0
1071GD,1,11.0
1071GE,2,33.0
1071GJ,1,11.0
1071GK,2,33.0
1071GN,1,11.0
1071GS,1,22.0
1071GW,1,22.0
1071HE,1,11.0
1071HX,1,22.0
1071JB,2,33.0
1071JC,1,11.0
1071JG,2,22.0
1071JL,1,11.0
1071JM,1,11.0
1071JV,1,11.0
1071JW,2,22.0
1071KB,1,11.0
1071KC,1,22.0
1071KE,2,22.0
1071KG,1,11.0
1071KL,2,22.0
1071KM,1,22.0
1071KN,1,22.0
1071KP,1,11.0
1071KS,1,22.0
1071KV,2,33.0
1071LB,1,11.0
1071LE,2,33.0
1071LJ,1,11.0
1071LL,1,11.0
1071LN,1,11.0
1071LR,2,33.0
1071MB,1,11.0
1071MJ,1,11.0
1071MN,1,11.0
1071MP,1,11.0
1071MT,1,11.0
1071MX,1,22.0
1071NA,1,11.0
1071NE,1,22.0
1071NK,1,11.0
1071NP,1,22.0
1071PR,1,11.0
1071PV,1,22.0
1071PW,1,11.0
1071RA,1,11.0
1071RM,1,22.0
1071RR,1,11.0
1071RS,1,11.0
1071RV,1,11.0
1071SC,1,22.0
1071SR,1,11.0
1071SX,1,11.0
1071TH,1,11.0
1071TL,1,11.0
1071TS,2,22.0
1071TV,2,22.0
1071TZ,1,11.0
1071VC,1,11.0
1071VG,1,11.0
1071VP,1,11.0
1071VT,1,11.0
1071VW,1,11.0
1071VX,1,22.0
1071WC,1,22.0
1071WE,1,11.0
1071WL,1,22.0
1071WT,1,11.0
1071XB,1,11.0
1071XD,1,11.0
1071XG,1,11.0
1071XJ,1,11.0
1071XW,3,150.0
1071ZH,1,11.0
1071ZK,2,22.0
1071ZP,1,11.0
1071ZX,1,11.0
1071ZZ,1,11.0
1072AA,1,11.0
1072AP,1,22.0
1072AS,1,11.0
1072AT,1,22.0
1072AV,1,11.0
1072AZ,1,22.0
1072EJ,2,22.0
1072EL,1,22.0
1072EP,1,11.0
1072GS,1,22.0
1072GW,2,33.0
1072HK,1,11.0
1072HR,2,22.0
1072HS,2,22.0
1072HT,1,22.0
1072JC,2,22.0
1072JJ,2,22.0
1072JL,1,11.0
1072JZ,3,33.0
1072KA,1,11.0
1072ME,1,11.0
1072NB,1,11.0
1072NP,1,22.0
1072NT,2,33.0
1072NV,1,11.0
1072PA,2,22.0
1072PC,1,11.0
1072RT,1,22.0
1072RX,1,11.0
1072SE,1,11.0
1072SH,1,22.0
1072SJ,1,11.0
1072SR,1,11.0
1072SX,1,11.0
1072TA,1,22.0
1072TT,1,11.0
1072XC,3,44.0
1073AA,2,22.0
1073AW,1,11.0
1073CD,1,11.0
1073CG,1,11.0
1073CN,1,11.0
1073CP,1,11.0
1073CV,2,22.0
1073CW,1,11.0
1073CX,1,22.0
1073EA,1,11.0
1073EH,1,11.0
1073EJ,1,11.0
1073GC,1,11.0
1073GG,1,11.0
1073GN,1,11.0
1073GS,1,22.0
1073HD,1,11.0
1073HG,1,11.0
1073HK,1,22.0
1073HS,1,11.0
1073KB,1,11.0
1073KH,2,22.0
1073KX,1,11.0
1073RM,1,11.0
1073RR,1,22.0
1073SG,1,11.0
1073SL,1,11.0
1073SZ,1,11.0
1073TJ,1,11.0
1073TK,2,33.0
1073TN,3,33.0
1073TP,1,11.0
1073TR,1,11.0
1073TV,1,11.0
1073VP,1,11.0
1073VW,2,22.0
1073VX,1,11.0
1073XH,1,11.0
1073XL,1,22.0
1073XP,2,22.0
1073XS,2,22.0
1074AR,1,11.0
1074BA,2,22.0
1074BD,1,11.0
1074BE,3,33.0
1074BL,3,55.0
1074BM,1,11.0
1074BR,1,11.0
1074BT,1,11.0
1074CM,1,22.0
1074CN,1,22.0
1074CR,1,11.0
1074CS,1,11.0
1074CT,1,11.0
1074ED,3,44.0
1074EJ,1,11.0
1074EK,2,15.0
1074EP,1,11.0
1074ET,1,11.0
1074GA,1,22.0
1074GJ,1,22.0
1074HE,1,11.0
1074HG,1,11.0
1074HJ,1,11.0
1074HS,1,11.0
1074HW,1,11.0
1074HZ,1,11.0
1074JH,3,33.0
1074JJ,1,11.0
1074SW,1,11.0
1074TV,2,22.0
1074TZ,1,22.0
1074VB,1,11.0
1074VE,1,11.0
1074VG,1,22.0
1074VH,1,22.0
1074VM,1,11.0
1074VN,1,11.0
1074VP,1,22.0
1074VT,1,11.0
1074XG,1,22.0
1074XL,2,22.0
1074XN,1,11.0
1074XT,1,11.0
1074XX,1,22.0
1075AB,1,11.0
1075AC,2,33.0
1075AG,1,11.0
1075AN,2,33.0
1075AS,4,55.0
1075AT,1,11.0
1075BA,2,22.0
1075BB,1,11.0
1075BH,1,11.0
1075BN,1,22.0
1075BS,1,22.0
1075BT,1,11.0
1075BZ,2,22.0
1075CA,1,11.0
1075CE,1,11.0
1075CX,2,33.0
1075EA,1,11.0
1075EC,1,11.0
1075EG,1,11.0
1075EN,2,22.0
1075ET,1,11.0
1075EV,1,22.0
1075GB,1,22.0
1075GH,1,22.0
1075GJ,2,22.0
1075GM,1,22.0
1075GP,1,11.0
1075GT,1,11.0
1075GV,2,22.0
1075HC,2,22.0
1075HE,1,22.0
1075HG,2,22.0
1075HR,1,11.0
1075HS,1,11.0
1075KK,1,22.0
1075KT,1,11.0
1075KZ,1,11.0
1075LJ,1,11.0
1075MG,1,11.0
1075NC,1,11.0
1075NT,1,11.0
1075NX,2,33.0
1075NZ,1,11.0
1075PA,2,22.0
1075PD,2,22.0
1075PP,1,22.0
1075PS,1,11.0
1075PX,1,22.0
1075RD,1,11.0
1075RE,1,11.0
1075RN,1,11.0
1075RT,1,11.0
1075RW,1,22.0
1075SG,1,11.0
1075SP,1,11.0
1075ST,1,11.0
1075TA,1,11.0
1075TD,1,11.0
1075TL,2,22.0
1075TN,1,11.0
1075TR,2,22.0
1075TX,1,22.0
1075VK,2,22.0
1075VP,1,11.0
1075VS,1,11.0
1076AL,1,11.0
1076AA,1,11.0
1076AD,1,11.0
1076AH,1,11.0
1076AL,1,11.0
1076AT,1,11.0
1076BE,1,22.0
1076BR,1,11.0
1076CK,1,11.0
1076CV,1,11.0
1076CW,2,22.0
1076DA,1,11.0
1076DK,3,33.0
1076DL,1,22.0
1076DN,1,11.0
1076DS,1,11.0
1076EC,1,11.0
1076ED,2,22.0
1076JA,1,11.0
1076JB,1,22.0
1076JJ,1,11.0
1076JL,1,22.0
1076KJ,1,11.0
1076KS,1,11.0
1076KW,1,11.0
1076LB,1,22.0
1076LG,1,11.0
1076LM,1,11.0
1076LW,1,11.0
1076NC,1,11.0
1076NP,1,11.0
1076NZ,2,22.0
1076PS,1,11.0
1076RW,1,22.0
1076SP,1,11.0
1076TP,1,22.0
1076VC,1,11.0
1076VR,1,11.0
1076XA,1,22.0
1076XM,1,22.0
1076XR,1,22.0
1076XS,1,11.0
1076XV,1,11.0
1076XX,1,11.0
1077AA,1,11.0
1077AE,1,11.0
1077AR,1,11.0
1077BJ,3,33.0
1077BM,1,11.0
1077BR,2,33.0
1077BV,1,22.0
1077CB,1,11.0
1077CG,1,11.0
1077CJ,1,11.0
1077CP,1,22.0
1077DB,1,11.0
1077DE,1,11.0
1077DH,1,11.0
1077DW,1,11.0
1077EB,1,11.0
1077EC,1,11.0
1077EH,1,11.0
1077EL,2,33.0
1077EM,2,22.0
1077EP,1,11.0
1077EV,1,11.0
1077GB,1,11.0
1077GD,2,22.0
1077GG,1,22.0
1077GH,1,11.0
1077GN,2,22.0
1077GR,1,22.0
1077GS,1,11.0
1077GX,1,11.0
1077HG,1,22.0
1077JA,1,11.0
1077JB,1,11.0
1077JL,1,11.0
1077JS,1,11.0
1077JX,1,22.0
1077KA,1,22.0
1077KV,1,11.0
1077KZ,1,11.0
1077LB,1,11.0
1077LG,1,11.0
1077LH,3,33.0
1077LK,1,11.0
1077LW,2,22.0
1077LX,2,33.0
1077MG,1,22.0
1077ND,1,11.0
1077NH,1,11.0
1077PB,1,22.0
1077PD,1,11.0
1077PE,2,22.0
1077PP,1,11.0
1077PX,1,11.0
1077RC,1,11.0
1077RE,1,22.0
1077RV,2,22.0
1077SE,1,22.0
1077SL,1,11.0
1077TG,1,11.0
1077TH,1,11.0
1077TK,1,11.0
1077TZ,1,11.0
1077VD,1,11.0
1077VE,1,11.0
1077VG,2,22.0
1077VJ,2,22.0
1077VK,1,11.0
1077VL,1,11.0
1077VR,1,11.0
1077VS,1,11.0
1077VX,1,11.0
1077WE,1,11.0
1077WJ,1,11.0
1077WP,1,11.0
1077WX,1,11.0
1077XC,1,11.0
1077XR,1,11.0
1077XZ,1,50.0
1077ZD,2,33.0
1077ZE,1,11.0
1077ZG,1,22.0
1077ZL,1,11.0
1077ZN,1,22.0
1077ZP,1,22.0
1077ZS,1,11.0
1078AB,1,11.0
1078AE,1,11.0
1078AJ,1,11.0
1078AK,1,11.0
1078AS,2,22.0
1078AZ,1,11.0
1078BA,1,11.0
1078BB,1,11.0
1078BD,2,33.0
1078BG,2,22.0
1078BK,1,11.0
1078BM,1,22.0
1078BT,1,11.0
1078BZ,2,22.0
1078DL,1,11.0
1078DP,1,11.0
1078DW,1,11.0
1078EE,1,11.0
1078EJ,1,11.0
1078EN,1,11.0
1078ES,1,11.0
1078EZ,1,11.0
1078GB,1,22.0
1078GD,1,11.0
1078HG,1,11.0
1078HR,1,22.0
1078HT,2,33.0
1078HZ,1,11.0
1078JD,1,11.0
1078JR,1,11.0
1078KD,2,22.0
1078KE,1,11.0
1078KL,1,11.0
1078KN,1,11.0
1078KW,1,11.0
1078KZ,2,33.0
1078LA,2,22.0
1078LD,1,11.0
1078LG,1,11.0
1078LK,1,11.0
1078LL,1,11.0
1078LM,1,11.0
1078LN,1,11.0
1078LR,1,11.0
1078LX,1,22.0
1078MB,1,11.0
1078MJ,1,11.0
1078MK,2,22.0
1078MP,1,11.0
1078MR,2,22.0
1078MS,1,11.0
1078MX,1,22.0
1078NA,1,22.0
1078NC,2,22.0
1078NJ,1,22.0
1078NK,1,22.0
1078NM,2,33.0
1078NX,2,33.0
1078PD,2,22.0
1078PM,1,22.0
1078RJ,1,22.0
1078RK,1,11.0
1078RT,1,11.0
1078SZ,1,11.0
1078TB,1,11.0
1078TL,1,11.0
1078TS,1,11.0
1078VP,1,22.0
1078XH,1,22.0
1078XP,2,22.0
1078XR,1,11.0
1078XX,2,22.0
1079AA,1,11.0
1079AE,1,11.0
1079AN,1,11.0
1079BB,1,11.0
1079BR,1,11.0
1079BS,1,22.0
1079CE,1,22.0
1079CK,1,11.0
1079CP,2,22.0
1079DP,2,22.0
1079DR,1,11.0
1079DS,1,11.0
1079EA,1,11.0
1079ED,1,11.0
1079EK,1,11.0
1079EV,1,11.0
1079GH,1,11.0
1079GL,1,11.0
1079GV,1,11.0
1079JR,1,11.0
1079JW,2,22.0
1079KG,1,22.0
1079KM,1,11.0
1079KN,2,33.0
1079KS,1,11.0
1079KT,3,44.0
1079LE,1,11.0
1079LK,1,11.0
1079MA,1,22.0
1079MC,1,11.0
1079ND,1,11.0
1079NG,2,22.0
1079NH,1,11.0
1079NJ,1,11.0
1079NK,1,22.0
1079NL,1,11.0
1079NP,2,22.0
1079NR,1,11.0
1079NS,1,11.0
1079PA,1,11.0
1079PB,1,11.0
1079PJ,1,11.0
1079PR,2,22.0
1079RB,1,22.0
1079RK,1,11.0
1079RP,1,22.0
1079SR,1,11.0
1079TM,1,11.0
1079TN,1,22.0
1079TT,3,33.0
1079TW,1,11.0
1079TZ,2,22.0
1079VG,1,11.0
1079VK,1,11.0
1079VM,1,22.0
1079WB,1,11.0
1079WD,1,22.0
1079WE,1,11.0
1079WK,1,22.0
1079ZA,1,22.0
1079ZE,1,11.0
1079ZR,1,11.0
1079JC,1,11.0
1081AP,1,11.0
1081AR,2,33.0
1081AT,1,11.0
1081BB,1,11.0
1081BD,1,11.0
1081BP,1,22.0
1081BR,1,22.0
1081BS,1,11.0
1081BV,1,11.0
1081BX,1,11.0
1081CB,1,11.0
1081CJ,1,11.0
1081CP,1,11.0
1081ED,1,11.0
1081EN,2,33.0
1081EZ,1,11.0
1081GB,1,11.0
1081GD,1,11.0
1081GJ,2,22.0
1081GM,2,22.0
1081GP,1,11.0
1081GS,2,22.0
1081HG,1,11.0
1081JD,1,11.0
1081JK,2,33.0
1081JR,1,11.0
1081JS,1,11.0
1081JV,2,22.0
1081KC,2,22.0
1081ZS,1,11.0
1082AD,1,11.0
1082AL,1,11.0
1082AR,1,11.0
1082AV,1,11.0
1082BE,1,11.0
1082BR,1,11.0
1082CL,1,22.0
1082CM,1,11.0
1082CT,1,11.0
1082EA,1,11.0
1082EH,1,22.0
1082EK,1,22.0
1082GC,1,11.0
1082GG,1,11.0
1082GM,2,22.0
1082GR,1,22.0
1082HJ,1,11.0
1082HX,1,11.0
1082JP,1,11.0
1082KA,1,11.0
1082KM,1,11.0
1082KR,1,11.0
1082LM,1,11.0
1082LT,1,11.0
1082ME,2,22.0
1082MJ,1,11.0
1082MK,2,22.0
1082NE,1,11.0
1082NR,1,22.0
1082NV,1,11.0
1082PA,1,11.0
1082RA,1,11.0
1082RJ,1,11.0
1082RM,1,11.0
1082RS,1,11.0
1082RT,1,11.0
1082RV,1,22.0
1082SB,1,22.0
1082SE,1,11.0
1082TA,1,11.0
1082TB,1,22.0
1082TE,1,22.0
1082TM,1,22.0
1082TW,1,22.0
1082VA,1,22.0
1082VR,1,11.0
1082XW,1,11.0
1083AD,2,100.0
1083AE,1,11.0
1083AS,2,22.0
1083AW,1,11.0
1083BC,1,11.0
1083BN,1,11.0
1083BS,1,11.0
1083CC,1,22.0
1083CH,1,11.0
1083CM,1,11.0
1083CW,2,22.0
1083GA,1,11.0
1083GE,1,11.0
1083GP,1,11.0
1083HG,2,22.0
1083HJ,3,33.0
1083HL,1,11.0
1083HN,1,11.0
1083HP,1,11.0
1083IA,1,11.0
1083JJ,1,11.0
1083JK,1,22.0
1083JN,1,11.0
1083JR,2,22.0
1083KA,1,11.0
1083KB,1,11.0
1083TL,1,11.0
1086JZ,1,11.0
1086VB,3,44.0
1086VE,1,11.0
1086VG,1,11.0
1086WE,1,11.0
1086XS,1,11.0
1086XV,1,22.0
1086XW,1,11.0
1086ZA,1,11.0
1086ZG,1,11.0
1086ZJ,3,44.0
1086ZK,2,33.0
1086ZM,1,11.0
1086ZP,1,11.0
1087AW,1,11.0
1087BB,1,11.0
1087BC,1,11.0
1087BN,1,11.0
1087CG,2,22.0
1087DB,1,11.0
1087DJ,1,22.0
1087DM,1,11.0
1087DR,2,22.0
1087EB,1,11.0
1087EC,1,11.0
1087EH,2,33.0
1087EK,1,22.0
1087EM,2,33.0
1087EN,1,11.0
1087EP,1,22.0
1087GL,1,22.0
1087GN,2,44.0
1087GT,1,11.0
1087GZ,1,22.0
1087HJ,1,11.0
1087HN,2,22.0
1087HT,1,11.0
1087HW,1,11.0
1087JA,1,11.0
1087JC,1,11.0
1087JD,1,11.0
1087JT,2,33.0
1087KE,1,11.0
1087KH,1,11.0
1087KN,1,22.0
1087KR,1,11.0
1087LC,1,11.0
1087LD,2,44.0
1087LG,2,22.0
1087LL,1,22.0
1087LM,2,33.0
1087LN,1,11.0
1087MA,1,11.0
1087MG,1,22.0
1087MH,1,11.0
1087ML,1,11.0
1087MN,1,11.0
1087MR,1,11.0
1087NA,2,22.0
1087NH,1,22.0
1087GZ,1,22.0
1091AD,2,22.0
1091AE,1,22.0
1091AR,1,11.0
1091AS,1,11.0
1091AX,1,22.0
1091BB,1,11.0
1091BH,1,11.0
1091CJ,2,33.0
1091CV,1,11.0
1091CX,1,11.0
1091CZ,1,22.0
1091DA,1,22.0
1091DE,1,22.0
1091DG,1,11.0
1091DL,1,11.0
1091EA,1,11.0
1091EB,1,22.0
1091ED,2,22.0
1091EG,3,33.0
1091EH,1,11.0
1091EK,2,22.0
1091EL,1,11.0
1091ES,1,11.0
1091EX,1,11.0
1091GC,1,11.0
1091GM,1,22.0
1091GW,1,22.0
1091HR,1,11.0
1091JC,1,22.0
1091JE,1,22.0
1091JG,1,11.0
1091JH,1,11.0
1091JK,1,11.0
1091JP,1,11.0
1091JZ,2,33.0
1091KB,1,22.0
1091KJ,1,11.0
1091KP,1,22.0
1091LM,1,11.0
1091LR,1,11.0
1091NC,1,11.0
1091NN,1,11.0
1091NS,1,11.0
1091PA,1,11.0
1091PP,1,22.0
1091RE,1,11.0
1091RP,1,11.0
1091RT,1,11.0
1091RV,1,11.0
1091RZ,1,11.0
1091SB,1,22.0
1091SE,1,11.0
1091SG,1,22.0
1091SL,1,11.0
1091SZ,1,11.0
1091TC,2,33.0
1091TK,1,11.0
1091TN,1,11.0
1091TW,1,11.0
1091TX,1,22.0
1091VC,1,11.0
1091VE,1,11.0
1091VP,1,22.0
1091VV,1,11.0
1091WT,1,11.0
1091XN,1,11.0
1091XT,1,22.0
1091XV,1,11.0
1092AD,1,11.0
1092AS,1,11.0
1092BK,1,22.0
1092BN,1,11.0
1092BP,1,11.0
1092BR,1,22.0
1092BV,1,11.0
1092BW,1,11.0
1092BZ,1,11.0
1092CE,1,11.0
1092EA,1,22.0
1092EB,1,11.0
1092EE,2,22.0
1092EL,1,11.0
1092ER,3,33.0
1092EZ,1,22.0
1092GD,1,11.0
1092GE,1,11.0
1092GG,1,11.0
1092GM,1,22.0
1092GZ,1,11.0
1092HK,1,22.0
1092HM,1,11.0
1092HZ,1,11.0
1092KA,1,11.0
1092TE,2,22.0
1092TG,1,22.0
1092TJ,1,11.0
1092VC,1,11.0
1092VM,1,11.0
1092VR,1,11.0
1092XC,1,11.0
1092XH,1,11.0
1092XP,1,22.0
1092XR,1,11.0
1092XZ,1,22.0
1093AD,1,22.0
1093CA,1,11.0
1093CB,1,11.0
1093CN,2,22.0
1093CP,1,11.0
1093CX,1,11.0
1093DL,1,11.0
1093DM,1,11.0
1093ES,1,11.0
1093HG,1,11.0
1093HP,1,11.0
1093JL,2,22.0
1093JT,1,11.0
1093JV,1,11.0
1093KP,2,33.0
1093MB,2,33.0
1093SH,2,22.0
1093TE,1,22.0
1093TK,2,22.0
1093VD,1,11.0
1093VT,1,11.0
1093XC,1,11.0
1094CE,2,33.0
1094CG,1,22.0
1094CK,1,11.0
1094CT,1,11.0
1094CV,1,22.0
1094CX,1,22.0
1094EC,1,11.0
1094EG,1,11.0
1094EM,1,11.0
1094EN,2,22.0
1094ER,1,11.0
1094GB,1,22.0
1094GC,1,11.0
1094GT,1,11.0
1094JL,1,11.0
1094JP,1,22.0
1094KE,1,11.0
1094KK,2,22.0
1094KZ,1,11.0
1094LK,2,22.0
1094LM,1,22.0
1094LR,1,11.0
1094LT,1,11.0
1094NT,1,22.0
1094PW,1,22.0
1094RB,1,11.0
1094RP,1,11.0
1094SJ,1,11.0
1094TH,1,22.0
1094XN,2,22.0
1095BJ,1,11.0
1095BL,1,11.0
1095CH,2,22.0
1095CM,1,11.0
1095CS,1,11.0
1095DJ,1,11.0
1095DN,1,11.0
1095DX,1,22.0
1095EG,1,11.0
1095ES,1,22.0
1095ET,1,22.0
1095EZ,1,11.0
1095GZ,1,11.0
1095HK,1,11.0
1095JK,2,22.0
1095JM,2,33.0
1095KC,1,11.0
1095KD,1,11.0
1095KW,1,11.0
1095LH,1,11.0
1095MB,1,11.0
1095MD,6,88.0
1095ME,1,11.0
1095MM,1,22.0
1095SC,1,22.0
1095TA,1,11.0
1095TG,1,11.0
1095TP,1,11.0
1095VD,1,22.0
1095VJ,1,11.0
1095WE,1,22.0
1095XE,1,22.0
1095XP,1,11.0
1096AA,1,11.0
1096AH,1,11.0
1096AN,1,11.0
1096BH,3,33.0
1096BK,2,22.0
1096BL,1,11.0
1096CJ,2,22.0
1096CN,1,11.0
1096CR,1,11.0
1096DH,1,11.0
1096DV,1,11.0
1096GA,2,22.0
1096GG,3,33.0
1096GJ,2,22.0
1096HZ,3,44.0
1096ZR,1,11.0
1097AJ,1,11.0
1097AL,1,11.0
1097AP,1,22.0
1097AR,1,11.0
1097BA,1,22.0
1097BB,1,11.0
1097BC,1,11.0
1097BD,1,11.0
1097CC,1,11.0
1097CJ,1,11.0
1097CR,2,33.0
1097CS,1,22.0
1097CT,2,22.0
1097DH,1,11.0
1097DK,1,11.0
1097DM,2,33.0
1097DS,1,22.0
1097DX,1,50.0
1097ER,1,11.0
1097ET,1,11.0
1097EV,2,44.0
1097GH,2,22.0
1097GR,1,22.0
1097HG,1,11.0
1097HK,2,22.0
1097HL,2,22.0
1097HN,2,33.0
1097HW,1,11.0
1097HX,1,11.0
1097JD,1,11.0
1097KA,1,11.0
1097LX,1,11.0
1097MG,1,11.0
1097NK,1,11.0
1097NV,1,22.0
1097NZ,1,22.0
1097PB,1,11.0
1097PD,1,22.0
1097PP,1,11.0
1097RH,1,11.0
1097RM,1,11.0
1097RP,1,11.0
1097SM,1,11.0
1097SR,1,11.0
1097TB,1,22.0
1097TH,1,11.0
1097TV,1,11.0
1097TZ,1,11.0
1097VD,1,11.0
1097VH,1,11.0
1097WL,1,11.0
1097XA,1,22.0
1097XD,1,22.0
1097ZC,1,22.0
1097ZR,1,22.0
1098AS,1,11.0
1098BA,1,11.0
1098BE,3,33.0
1098BG,1,11.0
1098BK,1,11.0
1098BS,1,22.0
1098BV,1,22.0
1098CD,1,11.0
1098CH,1,11.0
1098CJ,1,11.0
1098CW,2,22.0
1098EJ,1,11.0
1098EL,1,11.0
1098ER,1,22.0
1098ES,1,11.0
1098GE,1,11.0
1098GJ,1,11.0
1098HC,1,11.0
1098HE,2,33.0
1098JA,1,11.0
1098JC,1,22.0
1098JG,1,11.0
1098JJ,1,11.0
1098JL,1,11.0
1098JM,1,11.0
1098JT,1,11.0
1098KC,2,22.0
1098KE,1,11.0
1098KM,1,11.0
1098KN,1,11.0
1098KT,1,11.0
1098KX,1,11.0
1098LK,1,11.0
1098LR,1,22.0
1098NA,1,22.0
1098NB,3,44.0
1098NC,1,11.0
1098ND,1,11.0
1098NJ,3,33.0
1098NR,1,11.0
1098NV,1,11.0
1098PE,1,11.0
1098PM,1,11.0
1098PN,1,22.0
1098PZ,1,11.0
1098RL,1,11.0
1098RP,1,11.0
1098RX,1,11.0
1098SK,2,22.0
1098TB,1,11.0
1098TG,1,22.0
1098TS,1,22.0
1098TT,2,22.0
1098TZ,1,11.0
1098XB,1,11.0
1098XE,1,11.0
1098XH,2,22.0
1101AG,2,22.0
1101AR,1,11.0
1101GC,1,11.0
1102AA,1,11.0
1102AG,1,11.0
1102AL,1,22.0
1102AM,1,11.0
1102AZ,3,33.0
1102BA,1,11.0
1102EE,1,11.0
1102GG,1,11.0
1102JC,1,11.0
1102JN,1,22.0
1102KA,1,11.0
1102LA,1,11.0
1102MX,1,11.0
1102PT,1,11.0
1102RR,1,11.0
1102RS,1,22.0
1102SC,1,11.0
1102SE,1,11.0
1102SG,1,11.0
1102SP,1,11.0
1102TB,1,22.0
1102TD,1,22.0
1102TG,1,11.0
1102TT,1,22.0
1102TW,1,22.0
1102VD,1,22.0
1102VJ,1,11.0
1102VP,1,22.0
1102VW,1,11.0
1102WV,1,22.0
1102WZ,1,22.0
1102XA,1,11.0
1102XD,1,11.0
1102XE,1,11.0
1102XL,1,22.0
1102ZM,1,22.0
1102ZR,1,22.0
1103AC,3,33.0
1103AS,1,22.0
1103AV,2,22.0
1103AW,1,22.0
1103BA,1,22.0
1103BJ,1,11.0
1103DN,1,22.0
1103DS,1,11.0
1103DT,1,11.0
1103JZ,1,11.0
1103ML,1,22.0
1103MN,1,11.0
1103MP,1,11.0
1103PX,1,11.0
1103RC,1,11.0
1103RK,1,11.0
1103RM,1,22.0
1103SC,1,11.0
1103SE,1,22.0
1103SG,1,22.0
1103SK,1,11.0
1103SL,1,11.0
1103TA,1,11.0
1103TC,1,22.0
1103TE,1,11.0
1103TT,1,11.0
1103TV,4,44.0
1104CB,1,11.0
1104DN,1,22.0
1104EA,4,55.0
1104HJ,2,33.0
1104HL,2,33.0
1104HP,1,11.0
1104HS,1,22.0
1104HV,1,11.0
1104KK,2,33.0
1104KR,1,11.0
1104KV,1,22.0
1104MJ,1,22.0
1104MM,4,44.0
1104MP,1,11.0
1104NS,1,22.0
1104PE,1,22.0
1104PS,1,11.0
1104SE,2,22.0
1104VA,2,44.0
1104VC,1,22.0
1105AS,1,11.0
1105AT,1,11.0
1106AH,1,11.0
1106BA,2,22.0
1106CS,1,11.0
1106CZ,1,11.0
1106DL,1,11.0
1106ED,1,11.0
1106EG,1,22.0
1106EL,1,22.0
1106EN,2,22.0
1106EX,1,11.0
1106GC,1,11.0
1106GK,1,11.0
1106GT,1,22.0
1106HB,1,22.0
1106HP,1,22.0
1106HW,1,11.0
1106JK,1,11.0
1106JW,1,11.0
1106JZ,1,22.0
1106KB,1,11.0
1106MH,1,11.0
1106PS,1,11.0
1106RT,1,22.0
1106VP,1,11.0
1106WB,1,11.0
1106WH,1,11.0
1106WL,1,11.0
1106WR,1,11.0
1106XZ,1,11.0
1106ZB,1,11.0
1106ZD,1,11.0
1106ZE,1,11.0
1106ZK,2,33.0
1106ZM,2,33.0
1106ZN,1,11.0
1106ZT,2,33.0
1107AD,1,11.0
1107AV,1,11.0
1107BA,1,11.0
1107BV,1,11.0
1107CJ,1,22.0
1107CN,1,11.0
1107DC,1,22.0
1107DL,1,22.0
1107EA,1,11.0
1107KB,1,22.0
1107LC,1,11.0
1107PK,1,11.0
1107RH,1,11.0
1107ST,1,11.0
1107TA,1,11.0
1107TH,1,22.0
1107VA,1,11.0
1107VD,1,11.0
1107VJ,2,33.0
1107WS,2,22.0
1107XM,1,11.0
1108AX,1,11.0
1108CK,1,11.0
1108CP,1,11.0
1108EL,1,11.0
1109AG,1,11.0
1109BB,1,11.0
1109BC,1,11.0
1109BJ,1,11.0
1109BK,1,11.0
